City,Cloudiness,Country,Date,Humidity,Lat,Lng,Max Temp,Wind Speed
Hithadhoo,81,MV,1570153629,79,-0.6,73.08,82.0,6.56
Riyadh,0,SA,1570153630,26,24.63,46.72,81.0,1.5
Thinadhoo,100,MV,1570153630,76,0.53,72.93,82.0,4.93
Bambous Virieux,82,MU,1570153630,65,-20.34,57.76,72.0,0.45
Portland,90,US,1570153381,70,43.66,-70.25,50.0,2.04
Tura,100,RU,1570153631,96,64.27,100.22,38.0,2.583
Pevek,100,RU,1570153631,87,69.7,170.27,30.0,5.478
Busselton,75,AU,1570153631,63,-33.64,115.35,60.0,11.93
Pangnirtung,15,CA,1570153632,73,66.15,-65.72,32.0,2.731
Hobart,75,AU,1570153632,44,-42.88,147.33,58.0,5.1
Mataura,100,NZ,1570153632,58,-46.19,168.86,62.0,5.81
Upernavik,92,GL,1570153632,76,72.79,-56.15,38.0,3.36
Bethanien,0,NA,1570153633,67,-26.5,17.16,45.0,0.77
Taltal,0,CL,1570153633,87,-25.41,-70.49,49.0,0.59
Egvekinot,100,RU,1570153633,96,66.32,-179.17,28.0,2.73
Kapaa,75,US,1570153533,70,22.08,-159.32,88.0,9.3
Talnakh,75,RU,1570153634,86,69.49,88.39,39.0,10.0
Umm Lajj,18,SA,1570153634,72,25.02,37.27,85.0,3.82
Bubaque,100,GW,1570153634,83,11.28,-15.83,80.0,2.45
Carballo,90,ES,1570153634,93,43.21,-8.69,65.0,1.0
Plettenberg Bay,33,ZA,1570153634,84,-34.05,23.37,54.0,1.56
Salym,94,RU,1570153635,86,60.06,71.48,42.0,5.03
Vao,100,EE,1570153635,87,59.1,26.19,39.0,4.54
Salalah,40,OM,1570153635,88,17.01,54.1,79.0,1.5
Ushuaia,40,AR,1570153588,98,-54.81,-68.31,46.0,8.2
Muzhi,67,RU,1570153636,70,65.4,64.7,35.0,8.87
Atuona,0,PF,1570153615,78,-9.8,-139.03,80.0,7.27
Clyde River,90,CA,1570153636,94,70.47,-68.59,34.0,5.1
San Buenaventura,47,MX,1570153636,41,27.06,-101.55,85.0,2.68
New Norfolk,75,AU,1570153636,44,-42.78,147.06,58.0,5.1
Basco,1,US,1570153637,81,40.33,-91.2,56.0,3.1
Narsaq,100,GL,1570153637,29,60.91,-46.05,50.0,7.7
Bambari,100,CF,1570153637,99,5.77,20.68,68.0,1.06
Saldanha,0,PT,1570153637,91,41.42,-6.55,59.0,0.87
Chuy,100,UY,1570153637,87,-33.69,-53.46,57.0,7.9
Jamestown,92,AU,1570153395,22,-33.21,138.6,88.0,7.81
Nelson Bay,0,AU,1570153638,19,-32.72,152.14,92.0,9.8
Veinticinco de Mayo,47,AR,1570153638,96,-27.38,-54.75,70.0,1.437
Albany,90,US,1570153340,87,42.65,-73.75,50.0,4.1
Hermanus,100,ZA,1570153639,77,-34.42,19.24,60.0,10.224
Kununurra,2,AU,1570153639,46,-15.77,128.74,90.0,2.1
Saint Anthony,1,US,1570153639,47,43.97,-111.68,55.0,1.5
Punta Arenas,40,CL,1570153640,79,-53.16,-70.91,43.0,8.7
Zarautz,90,ES,1570153640,77,43.28,-2.17,63.0,2.6
Hit,0,IQ,1570153640,39,33.64,42.83,69.0,5.38
Elbistan,0,TR,1570153641,49,38.2,37.19,52.0,2.44
Deputatskiy,100,RU,1570153641,85,69.3,139.9,17.0,10.59
Puerto Ayora,100,EC,1570153641,94,-0.74,-90.35,67.0,1.79
Luderitz,0,NA,1570153641,73,-26.65,15.16,56.0,9.58
Nanortalik,100,GL,1570153642,77,60.14,-45.24,40.0,0.73
Port Elizabeth,90,US,1570153642,93,39.31,-74.98,71.0,1.5
Nabire,72,ID,1570153642,55,-3.36,135.5,87.0,1.25
Khatanga,0,RU,1570153552,67,71.98,102.47,25.0,6.02
Togur,100,RU,1570153643,88,58.36,82.83,43.0,6.34
Faanui,21,PF,1570153552,80,-16.48,-151.75,78.0,7.25
Denpasar,20,ID,1570153643,83,-8.65,115.22,81.0,3.1
Waddan,18,LY,1570153643,91,29.16,16.14,69.0,5.21
Butaritari,100,KI,1570153643,76,3.07,172.79,81.0,4.61
Vaini,75,IN,1570153644,100,15.34,74.49,72.0,0.6
Castro,0,CL,1570153644,81,-42.48,-73.76,43.0,3.6
Nantucket,90,US,1570153588,87,41.28,-70.1,55.0,4.6
Xinmin,90,CN,1570153644,93,42.0,122.83,43.0,4.0
Yogyakarta,23,ID,1570153645,86,-7.8,110.36,76.0,5.53
Yulara,0,AU,1570153411,9,-25.24,130.99,91.0,7.2
Lazaro Cardenas,40,MX,1570153645,78,28.39,-105.62,73.0,2.1
Kruisfontein,20,ZA,1570153645,87,-34.0,24.73,50.0,1.61
Norman Wells,75,CA,1570153645,81,65.28,-126.83,43.0,3.6
Providencia,98,CO,1570153646,90,1.24,-77.6,54.0,0.97
Arraial do Cabo,0,BR,1570153646,88,-22.97,-42.02,70.0,7.74
Vanderhoof,100,CA,1570153646,97,54.02,-124.02,42.0,1.81
Homer,1,US,1570153646,76,59.64,-151.54,52.0,3.6
Rikitea,67,PF,1570153533,79,-23.12,-134.97,69.0,10.59
Belyy Yar,0,RU,1570153647,80,53.6,91.39,30.0,1.0
Saint-Philippe,90,CA,1570153647,70,45.36,-73.48,47.0,4.6
Cidreira,100,BR,1570153634,92,-30.17,-50.22,64.0,5.89
Winneba,90,GH,1570153647,94,5.35,-0.62,77.0,3.1
Myitkyina,1,MM,1570153648,91,25.38,97.4,76.0,0.81
Rabat,0,MA,1570153648,100,34.02,-6.83,62.0,2.1
Lufilufi,75,WS,1570153536,70,-13.87,-171.6,84.0,7.2
Ribeira Grande,34,PT,1570153648,86,38.52,-28.7,66.0,8.127
Komsomolskiy,100,RU,1570153624,96,67.55,63.78,35.0,13.4
Sisimiut,50,GL,1570153641,63,66.94,-53.67,42.0,3.14
Tuktoyaktuk,90,CA,1570153649,100,69.44,-133.03,36.0,3.6
Saskylakh,0,RU,1570153649,80,71.97,114.09,18.0,0.795
Ibra,0,OM,1570153649,67,22.69,58.55,77.0,1.98
Victoria,75,BN,1570153420,83,5.28,115.24,81.0,1.0
Port Blair,20,IN,1570153650,94,11.67,92.75,79.0,1.0
Strathmore,75,CA,1570153650,70,51.04,-113.4,43.0,2.6
La Libertad,40,PE,1570153650,58,-16.38,-71.56,57.0,1.5
Husavik,0,CA,1570153650,78,50.56,-96.99,46.0,2.01
Westport,90,US,1570153367,93,41.14,-73.36,61.0,2.1
Cape Town,20,ZA,1570153651,82,-33.93,18.42,60.0,3.6
Great Yarmouth,100,GB,1570153651,93,52.61,1.73,54.0,4.6
Gold Coast,0,AU,1570153651,50,-28.0,153.41,84.0,3.58
Diego de Almagro,0,CL,1570153652,72,-26.39,-70.05,44.0,0.314
Kodiak,1,US,1570153652,81,39.95,-94.76,54.0,2.6
Labytnangi,99,RU,1570153652,79,66.66,66.39,35.0,10.193
Morro Bay,1,US,1570153652,72,35.37,-120.85,81.0,3.7
Provideniya,75,RU,1570153653,86,64.42,-173.23,41.0,8.0
Hami,28,CN,1570153653,24,42.84,93.51,66.0,3.29
Nikolskoye,90,RU,1570153653,86,59.7,30.79,39.0,3.0
Priargunsk,9,RU,1570153653,30,50.37,119.09,47.0,4.96
Sitka,96,US,1570153654,60,37.17,-99.65,56.0,4.81
Orlik,75,PL,1570153654,93,53.95,17.74,45.0,3.1
Sangar,100,RU,1570153654,51,63.92,127.47,27.0,4.62
Barrow,100,AR,1570153547,64,-38.31,-60.23,43.0,4.57
Mahebourg,16,MU,1570153633,65,-20.41,57.7,72.0,0.45
Lebu,0,ET,1570153655,89,8.96,38.73,51.0,1.101
Mar del Plata,0,AR,1570153655,48,-46.43,-67.52,48.0,7.05
Georgetown,20,GY,1570153655,83,6.8,-58.16,81.0,2.1
Bredasdorp,94,ZA,1570153656,67,-34.53,20.04,57.0,5.1
Kavieng,57,PG,1570153595,70,-2.57,150.8,84.0,4.4
Avarua,100,CK,1570153656,65,-21.21,-159.78,79.0,3.6
Pacific Grove,1,US,1570153572,63,36.62,-121.92,66.0,5.1
Abalak,4,NE,1570153656,19,15.46,6.28,85.0,1.83
Tiarei,20,PF,1570153656,65,-17.53,-149.33,82.0,4.1
San Patricio,77,PY,1570153657,93,-26.98,-56.83,69.0,1.0
Cumana,96,VE,1570153657,83,10.46,-64.17,83.0,6.94
Pueblo Nuevo,41,AR,1570153657,47,-32.93,-68.73,55.0,6.7
Bluff,0,AU,1570153657,22,-23.58,149.07,82.0,6.19
Ellensburg,90,US,1570153658,66,47.0,-120.55,59.0,2.6
Lorengau,62,PG,1570153658,77,-2.02,147.27,83.0,2.9
Fairbanks,90,US,1570153569,100,64.84,-147.72,41.0,0.97
Te Anau,100,NZ,1570153658,85,-45.41,167.72,46.0,4.24
Hofn,100,IS,1570153658,99,64.25,-15.21,31.0,2.63
Hasaki,40,JP,1570153659,94,35.73,140.83,77.0,7.2
Bandarbeyla,99,SO,1570153659,86,9.49,50.81,79.0,2.93
Tabou,100,CI,1570153659,93,4.42,-7.36,75.0,1.302
Chupa,75,PE,1570153660,61,-15.11,-69.99,48.0,3.1
Paamiut,100,GL,1570153660,69,61.99,-49.67,43.0,4.65
Margate,75,AU,1570153665,44,-43.03,147.26,58.0,5.1
Prainha,20,BR,1570153665,68,-1.8,-53.48,80.0,1.6
Auki,100,NG,1570153666,71,12.18,6.51,76.0,3.32
Guerrero Negro,0,MX,1570153666,78,27.97,-114.04,68.0,6.15
Port Alfred,0,ZA,1570153599,84,-33.59,26.89,55.0,0.45
Santa Lucia,0,IT,1570153666,58,41.98,12.66,59.0,5.7
Porvoo,75,FI,1570153666,94,60.4,25.66,36.0,5.1
Sao Filipe,100,CV,1570153667,83,14.9,-24.5,79.0,1.53
Melfort,1,CA,1570153667,80,52.87,-104.61,43.0,3.6
Congonhas,0,BR,1570153667,80,-20.5,-43.86,60.0,1.96
Znamenskoye,92,RU,1570153667,90,57.13,73.82,46.0,4.22
Merauke,12,ID,1570153668,81,-8.49,140.4,79.0,10.69
Leh,73,IN,1570153528,40,34.16,77.58,32.0,1.09
Qaanaaq,80,GL,1570153668,59,77.48,-69.36,28.0,3.172
Ribas do Rio Pardo,60,BR,1570153668,62,-20.45,-53.76,77.0,1.1
Cascais,20,PT,1570153669,93,38.7,-9.42,68.0,2.1
Straumen,0,NO,1570153669,64,63.87,11.3,39.0,6.2
Yarmouth,75,CA,1570153669,75,43.84,-66.12,43.0,2.6
Vila Velha,75,BR,1570153499,74,-3.71,-38.6,81.0,6.2
Slobodskoy,100,RU,1570153669,97,58.73,50.18,49.0,3.19
Tiksi,100,RU,1570153536,87,71.64,128.87,25.0,11.95
Iraucuba,2,BR,1570153670,86,-3.75,-39.78,74.0,3.292
Innisfail,35,AU,1570153541,70,-17.52,146.03,68.0,5.36
Dodge City,75,US,1570153582,71,37.75,-100.02,57.0,2.1
Villa Carlos Paz,75,AR,1570153670,100,-31.42,-64.5,48.0,3.6
Iqaluit,40,CA,1570153671,86,63.75,-68.52,34.0,8.7
Oneonta,99,US,1570153671,98,42.45,-75.06,54.0,0.45
Moyale,46,ET,1570153671,85,3.52,39.05,69.0,3.46
Manavalakurichi,75,IN,1570153671,94,8.13,77.3,79.0,1.5
King City,90,CA,1570153672,93,43.93,-79.54,55.0,1.5
Berdigestyakh,100,RU,1570153672,81,62.1,126.7,31.0,3.0
Marsa Matruh,0,EG,1570153620,64,31.35,27.25,77.0,7.68
Roebourne,0,AU,1570153672,14,-20.77,117.15,98.0,7.4
Carnarvon,0,ZA,1570153672,51,-30.97,22.13,41.0,0.91
Mbanza-Ngungu,100,CD,1570153673,90,-5.25,14.87,72.0,2.63
Puksoozero,100,RU,1570153673,97,62.59,40.61,32.0,5.28
Port Lincoln,100,AU,1570153673,85,-34.72,135.86,59.0,9.98
Whitehorse,20,CA,1570153673,49,60.72,-135.06,49.0,3.1
Airai,0,TL,1570153674,34,-8.93,125.41,93.0,1.27
Dikson,100,RU,1570153674,91,73.51,80.55,28.0,10.09
Bathsheba,40,BB,1570153472,78,13.22,-59.52,82.0,3.6
Konevo,14,BG,1570153674,91,41.67,25.61,68.0,2.75
Kallaste,64,EE,1570153675,93,58.66,27.16,39.0,2.1
Rastatt,63,DE,1570153675,93,48.86,8.21,48.0,1.0
Yumen,77,CN,1570153675,48,40.29,97.04,51.0,12.8
Surin,100,TH,1570153675,88,14.88,103.49,82.0,1.0
Avera,1,US,1570153676,55,33.19,-82.53,86.0,3.1
Megion,40,RU,1570153676,93,61.04,76.11,45.0,3.0
Surt,15,LY,1570153676,75,31.21,16.59,77.0,9.08
Hilo,1,US,1570153530,55,19.71,-155.08,88.0,3.1
Bilibino,84,RU,1570153676,94,68.06,166.44,11.0,1.26
Juneau,75,US,1570153677,71,58.3,-134.42,52.0,1.5
Puerto del Rosario,74,ES,1570153677,78,28.5,-13.86,73.0,6.7
Ancud,49,CL,1570153677,81,-41.87,-73.83,43.0,3.6
Huarmey,54,PE,1570153678,90,-10.07,-78.15,62.0,7.75
Nhulunbuy,40,AU,1570153678,58,-12.18,136.78,84.0,6.7
Isangel,75,VU,1570153678,57,-19.55,169.27,79.0,6.2
Erzin,40,TR,1570153678,93,36.95,36.2,75.0,1.5
Tyrma,0,RU,1570153679,28,50.04,132.17,46.0,3.03
Lompoc,40,US,1570153477,82,34.64,-120.46,64.0,6.2
Pitimbu,75,BR,1570153585,83,-7.47,-34.81,77.0,4.6
Bethel,90,US,1570153679,87,60.79,-161.76,48.0,7.2
Tasiilaq,100,GL,1570153680,93,65.61,-37.64,39.0,14.4
Ipojuca,75,BR,1570153680,69,-8.4,-35.06,81.0,4.6
Chokurdakh,100,RU,1570153680,91,70.62,147.9,28.0,9.19
Hamilton,90,CA,1570153415,100,43.26,-79.87,56.0,4.1
Longford,77,AU,1570153681,41,-41.59,147.12,65.0,4.1
Kaabong,0,UG,1570153681,70,3.51,34.14,67.0,7.41
Sinjai,27,ID,1570153681,42,-5.12,120.25,85.0,4.39
Bilma,0,NE,1570153681,11,18.69,12.92,84.0,4.15
East London,55,ZA,1570153682,80,-33.02,27.91,64.0,3.066
Auray,90,FR,1570153682,100,47.67,-2.99,59.0,3.6
Dale,0,CN,1570153682,57,24.09,109.99,83.0,1.594
Makokou,100,GA,1570153683,99,0.56,12.85,69.0,1.56
Port Moresby,40,PG,1570153683,74,-9.47,147.16,84.0,10.3
Urengoy,73,RU,1570153683,80,65.96,78.37,42.0,8.05
Angoche,60,MZ,1570153601,85,-16.23,39.91,73.0,1.72
Shimoda,75,JP,1570153683,88,34.7,138.93,80.0,8.2
Aklavik,90,CA,1570153684,93,68.22,-135.01,39.0,1.8
Kaitangata,100,NZ,1570153684,48,-46.28,169.85,62.0,5.57
Poum,100,MK,1570153648,91,41.28,20.71,51.0,1.75
Cheremukhovo,100,RU,1570153684,89,56.23,46.23,52.0,4.25
Esperance,90,AU,1570153684,87,-33.86,121.89,57.0,6.2
Torbay,40,CA,1570153685,74,47.66,-52.73,41.0,5.1
Cherskiy,100,RU,1570153685,87,68.75,161.3,27.0,3.474
Souillac,90,FR,1570153680,100,45.6,-0.6,60.0,4.1
Laguna,40,BZ,1570153685,83,16.17,-88.94,82.0,0.27
Praia,0,BR,1570153686,49,-20.25,-43.81,72.0,4.6
Pagudpud,20,PH,1570153686,74,18.56,120.79,84.0,1.5
Geraldton,90,CA,1570153399,74,49.72,-86.95,36.0,3.6
Lensk,100,RU,1570153686,97,60.71,114.91,33.0,3.714
Seoul,20,KR,1570153687,77,37.57,126.98,75.0,1.5
San Vicente,100,EC,1570153599,86,-0.59,-80.41,72.0,5.12
Longyearbyen,75,NO,1570153517,86,78.22,15.63,34.0,2.1
Yellowknife,20,CA,1570153687,66,62.45,-114.38,48.0,3.6
Filadelfia,11,PY,1570153687,59,-22.35,-60.04,69.0,2.5
Yar-Sale,58,RU,1570153688,82,66.83,70.83,34.0,6.77
Houma,100,CN,1570153688,79,35.63,111.36,68.0,3.46
Severo-Yeniseyskiy,97,RU,1570153672,81,60.37,93.04,39.0,6.45
Severo-Kurilsk,100,RU,1570153604,76,50.68,156.12,42.0,6.73
Sidi Ali,7,DZ,1570153689,65,36.1,0.42,72.0,2.45
Steinbach,75,CA,1570153689,70,49.53,-96.69,45.0,3.1
Alice Springs,0,AU,1570153625,10,-23.7,133.88,91.0,8.2
Rio Grande,100,BR,1570153689,90,-32.03,-52.1,61.0,11.468
Bayan,97,CN,1570153690,76,36.1,102.26,46.0,1.618
Valsamata,75,GR,1570153690,78,38.17,20.6,75.0,5.7
Susangerd,0,IR,1570153690,42,31.56,48.19,82.0,1.0
Dwarka,40,IN,1570153691,88,28.58,77.04,82.0,2.1
Aykhal,90,RU,1570153691,100,65.95,111.51,25.0,2.0
Havelock,1,US,1570153691,78,34.88,-76.9,81.0,3.1
Sabha,66,LY,1570153691,16,27.03,14.43,75.0,3.019
Nichinan,20,JP,1570153691,58,31.65,131.31,82.0,3.1
Levokumskoye,99,RU,1570153692,66,44.82,44.66,63.0,5.08
Pisco,0,PE,1570153618,82,-13.71,-76.2,63.0,8.2
Broome,100,GB,1570153692,93,52.47,1.45,55.0,4.6
Limoges,90,FR,1570153692,87,45.84,1.26,55.0,3.1
Fortuna,0,ES,1570153692,63,38.18,-1.13,67.0,3.1
Saint-Louis,100,SN,1570153693,83,16.03,-16.5,82.0,4.67
Bud,0,NO,1570153693,59,62.91,6.91,45.0,4.6
Jalu,0,LY,1570153693,23,29.03,21.55,78.0,6.43
Rodbyhavn,100,DK,1570153694,93,54.65,11.35,44.0,5.1
Butembo,3,CD,1570153694,87,0.12,29.29,59.0,1.604
Bawku,81,GH,1570153694,88,11.06,-0.24,75.0,1.35
Thompson,5,CA,1570153694,74,55.74,-97.86,37.0,1.0
Grakhovo,0,RU,1570153695,87,56.05,51.96,52.0,9.0
Vostok,100,RU,1570153695,96,46.45,135.83,39.0,1.87
Wanaka,92,NZ,1570153695,41,-44.7,169.14,61.0,2.68
Palencia,0,ES,1570153695,66,42.01,-4.53,57.0,0.89
Tilichiki,0,RU,1570153696,73,60.47,166.1,29.0,2.09
Shenjiamen,0,CN,1570153696,86,29.96,122.3,77.0,4.5
Xining,74,CN,1570153696,80,36.62,101.77,44.0,2.42
Rome,0,IT,1570153648,58,41.89,12.48,59.0,5.7
Labuhan,82,ID,1570153697,45,-2.54,115.51,91.0,0.68
Cockburn Town,100,TC,1570153697,76,21.46,-71.14,83.0,3.411
Agirish,84,RU,1570153697,82,61.92,63.02,34.0,4.41
Asyut,0,EG,1570153698,30,27.18,31.19,72.0,2.337
Solnechnyy,0,RU,1570153698,38,50.72,136.64,45.0,1.88
Saint George,40,GR,1570153462,68,39.45,22.34,64.0,3.6
Leningradskiy,100,RU,1570153698,93,69.38,178.42,33.0,7.17
Wadi Maliz,6,TN,1570153699,81,36.47,8.55,60.0,6.58
Marathon,71,CA,1570153699,75,48.72,-86.38,43.0,7.182
Nerchinskiy Zavod,2,RU,1570153699,32,51.31,119.61,44.0,3.98
Sorland,0,NO,1570153699,57,67.67,12.69,43.0,5.49
Codrington,0,AU,1570153700,30,-28.95,153.24,82.0,2.1
Rio Verde de Mato Grosso,90,BR,1570153700,61,-18.92,-54.84,80.0,0.99
Urcos,40,PE,1570153700,47,-13.69,-71.62,55.0,1.0
Kupang,20,ID,1570153700,43,-10.16,123.6,88.0,2.6
Mahajanga,20,MG,1570153701,65,-15.72,46.32,77.0,2.6
Xichang,92,CN,1570153701,63,27.88,102.25,75.0,1.22
Kars,40,TR,1570153701,76,40.61,43.1,48.0,2.1
Mudgee,3,AU,1570153702,21,-32.6,149.59,84.0,7.7
Karratha,0,AU,1570153702,16,-20.74,116.85,95.0,9.55
Anchorage,40,US,1570153627,66,61.22,-149.89,52.0,2.6
Roald,0,NO,1570153702,59,62.58,6.12,45.0,4.1
Illapel,1,CL,1570153703,91,-31.63,-71.17,43.0,2.53
Flinders,75,AU,1570153703,68,-34.58,150.85,91.0,7.7
Gladstone,0,AU,1570153703,44,-23.84,151.26,77.0,6.7
Gat,20,SN,1570153703,83,14.69,-16.54,77.0,3.6
Nago,1,IT,1570153703,87,45.88,10.89,54.0,1.0
Vestmannaeyjar,100,IS,1570153704,78,63.44,-20.27,48.0,18.05
Ler,0,NO,1570153704,64,63.2,10.3,39.0,6.2
Waitati,100,NZ,1570153704,58,-45.75,170.57,60.0,7.15
Ketchikan,90,US,1570153691,81,55.34,-131.65,54.0,5.1
Turka,91,RU,1570153705,63,52.95,108.22,46.0,6.3
Ilulissat,100,GL,1570153705,31,69.22,-51.1,48.0,8.2
Brae,2,GB,1570153617,86,60.4,-1.35,46.0,3.1
Gryazovets,100,RU,1570153705,92,58.88,40.25,51.0,4.931
Manicore,100,BR,1570153706,97,-5.81,-61.3,73.0,1.094
Alofi,97,NU,1570153706,83,-19.06,-169.92,77.0,6.2
Savannah Bight,100,HN,1570153706,67,16.45,-85.85,85.0,1.28
Mehamn,100,NO,1570153707,86,71.03,27.85,36.0,4.88
Antanifotsy,36,MG,1570153707,95,-19.66,47.32,55.0,2.06
Sosnovka,55,RU,1570153707,86,53.23,41.37,53.0,6.05
Bedele,92,ET,1570153707,95,8.46,36.35,57.0,0.79
Rocha,100,UY,1570153526,91,-34.48,-54.34,53.0,3.69
Kapit,100,MY,1570153708,97,2.02,112.94,75.0,0.67
Bako,92,BF,1570153708,48,12.29,-0.73,81.0,4.42
Oksfjord,75,NO,1570153708,86,70.24,22.35,36.0,3.6
Price,1,US,1570153709,12,39.6,-110.81,64.0,4.1
Coruripe,43,BR,1570153709,93,-10.12,-36.18,71.0,3.96
Kibondo,20,TZ,1570153709,75,-3.59,30.72,65.0,0.59
Korcula,75,HR,1570153709,71,42.96,17.14,55.0,1.5
Hobyo,59,SO,1570153709,90,5.35,48.53,76.0,2.05
Olinda,75,AU,1570153710,58,-37.84,145.39,61.0,2.6
Khotyn,100,UA,1570153710,82,48.51,26.49,47.0,0.45
Gari,100,RU,1570153710,88,59.43,62.35,42.0,1.74
San Cristobal,100,HN,1570153710,94,14.68,-86.92,68.0,1.37
Kokopo,87,PG,1570153711,52,-4.34,152.27,86.0,2.01
Salaverry,96,PE,1570153711,87,-8.22,-78.98,60.0,2.13
Dukat,100,AL,1570153711,85,40.25,19.57,64.0,1.52
Kungurtug,0,RU,1570153682,38,50.6,97.53,39.0,0.3
Prince George,75,CA,1570153711,75,53.92,-122.75,47.0,7.2
El Tocuyo,100,VE,1570153712,71,9.79,-69.8,71.0,1.38
Batticaloa,21,LK,1570153712,66,7.71,81.69,84.0,1.47
Ponta do Sol,0,BR,1570153712,55,-20.63,-46.0,67.0,2.75
Kanniyakumari,100,IN,1570153713,78,8.08,77.57,81.0,4.15
Ust-Maya,27,RU,1570153713,48,60.42,134.54,32.0,1.423
Constantine,20,DZ,1570153713,87,36.36,6.61,54.0,1.5
Terni,0,IT,1570153714,87,42.56,12.64,55.0,3.6
Umm Kaddadah,85,SD,1570153714,62,13.6,26.69,80.0,2.92
Saint-Joseph,0,FR,1570153714,81,43.56,6.97,61.0,1.0
Mao,75,DO,1570153714,94,19.55,-71.08,82.0,2.1
Tuatapere,100,NZ,1570153715,58,-46.13,167.69,62.0,5.81
Maniitsoq,11,GL,1570153715,60,65.42,-52.9,40.0,3.32
Port Hedland,0,AU,1570153715,14,-20.31,118.58,99.0,5.7
Yagoua,100,CM,1570153715,85,10.34,15.23,74.0,2.88
Chapais,90,CA,1570153716,69,49.78,-74.86,34.0,2.1
Oranjemund,0,ZA,1570153716,91,-28.55,16.43,57.0,4.89
Kilindoni,37,TZ,1570153716,79,-7.91,39.67,80.0,7.82
Port Shepstone,70,ZA,1570153716,79,-30.74,30.45,60.0,2.49
Conde,16,BR,1570153716,98,-11.81,-37.61,70.0,1.27
Marawi,18,PH,1570153717,68,8.0,124.29,82.0,1.98
Caravelas,0,BR,1570153717,91,-17.73,-39.27,69.0,1.872
Omboue,100,GA,1570153717,81,-1.57,9.26,78.0,5.64
Berlin,75,DE,1570153572,87,52.52,13.39,48.0,0.5
Verkhoyansk,99,RU,1570153718,47,67.55,133.39,24.0,3.415
Drumheller,100,CA,1570153718,84,51.47,-112.7,36.0,2.12
San Policarpo,2,PH,1570153718,61,12.18,125.51,86.0,2.92
Arcachon,90,FR,1570153718,88,44.65,-1.18,63.0,3.6
Copiapo,40,CL,1570153719,81,-27.37,-70.33,52.0,4.6
Doha,0,QA,1570153719,79,25.29,51.53,88.0,2.1
Port Hardy,90,CA,1570153505,93,50.7,-127.42,50.0,4.81
Biaora,0,IN,1570153719,80,23.92,76.91,77.0,2.0
Atchison,1,US,1570153720,81,39.56,-95.12,55.0,1.5
Crib Point,100,AU,1570153720,71,-38.35,145.2,60.0,1.79
Tazovskiy,97,RU,1570153720,90,67.47,78.7,40.0,7.387
Aba,100,NG,1570153721,96,5.11,7.36,72.0,1.06
Havre-Saint-Pierre,90,CA,1570153582,60,50.23,-63.6,39.0,1.5
Byron Bay,0,AU,1570153721,56,-28.65,153.62,82.0,7.7
Ambulu,0,ID,1570153721,88,-8.35,113.61,74.0,5.74
Nishihara,90,JP,1570153721,88,35.74,139.53,82.0,5.7
Pochutla,40,MX,1570153652,88,15.74,-96.47,77.0,1.12
Tiznit,0,MA,1570153722,78,29.7,-9.73,69.0,2.19
Liepaja,32,LV,1570153722,100,56.52,21.02,46.0,7.64
Penhold,75,CA,1570153722,97,52.13,-113.87,43.0,3.6
Miguel Auza,69,MX,1570153722,67,24.29,-103.45,65.0,4.46
Rumonge,9,BI,1570153723,69,-3.97,29.44,69.0,0.997
Atambua,0,ID,1570153723,67,-9.11,124.89,79.0,4.46
Burgeo,59,CA,1570153723,67,47.61,-57.61,46.0,8.46
Truth or Consequences,90,US,1570153439,44,33.13,-107.25,77.0,6.7
Lake Havasu City,1,US,1570153724,15,34.47,-114.34,88.0,2.6
Mackenzie,90,CA,1570153724,70,55.34,-123.09,48.0,3.6
Castelnau-le-Lez,0,FR,1570153724,81,43.64,3.91,54.0,2.6
Dong Hoi,87,VN,1570153724,63,17.48,106.6,84.0,1.88
Wembley,75,CA,1570153725,66,55.15,-119.14,52.0,4.6
Kavaratti,78,IN,1570153707,72,10.57,72.64,82.0,1.99
Davila,20,PH,1570153725,74,18.47,120.58,84.0,1.5
Ariogala,0,LT,1570153725,93,55.26,23.48,41.0,2.6
Karla,75,EE,1570153725,86,59.37,24.93,42.0,5.1
Ust-Ilimsk,97,RU,1570153726,82,57.96,102.73,41.0,4.43
Cabedelo,75,BR,1570153726,83,-6.97,-34.84,77.0,4.6
Shache,95,CN,1570153662,26,38.42,77.24,65.0,1.2
Xiuyan,89,CN,1570153726,69,40.29,123.27,54.0,7.265
Honiara,90,SB,1570153727,79,-9.43,159.96,86.0,3.1
Dunedin,100,NZ,1570153727,55,-45.87,170.5,60.0,6.71
Tessalit,0,ML,1570153727,9,20.2,1.01,84.0,2.689
Vilyuysk,98,RU,1570153693,93,63.75,121.63,34.0,1.99
Mujiayingzi,100,CN,1570153728,77,42.12,118.78,35.0,4.86
Vardo,90,US,1570153728,88,39.62,-77.74,73.0,0.334
Nha Trang,20,VN,1570153728,66,12.24,109.19,88.0,1.5
Alenquer,38,BR,1570153729,83,-1.95,-54.74,82.0,2.1
Paredon,100,BO,1570153729,71,-18.93,-65.16,57.0,6.2
Zwedru,95,LR,1570153729,98,6.07,-8.13,72.0,0.564
Thunder Bay,75,CA,1570153159,86,48.41,-89.26,39.0,2.1
Gobabis,0,NA,1570153730,16,-22.45,18.97,52.0,2.2
Halifax,90,CA,1570153730,58,44.65,-63.58,44.0,2.1
Evensk,3,RU,1570153731,33,61.92,159.24,35.0,1.38
Tual,56,ID,1570153674,83,-5.67,132.75,79.0,8.97
Walvis Bay,0,NA,1570153731,93,-22.95,14.51,63.0,3.1
Calnali,51,MX,1570153731,98,20.9,-98.58,62.0,0.69
Port Macquarie,0,AU,1570153731,15,-31.43,152.91,88.0,3.1
Kenai,40,US,1570153732,62,60.55,-151.26,54.0,3.6
Dajal,4,PK,1570153732,53,29.56,70.38,80.0,1.257
Mount Gambier,90,AU,1570153732,81,-37.83,140.78,54.0,2.6
Santa Vitoria do Palmar,100,BR,1570153732,89,-33.52,-53.37,56.0,7.65
Meulaboh,87,ID,1570153649,81,4.14,96.13,79.0,3.25
Zhengjiatun,100,CN,1570153733,34,43.51,123.51,48.0,6.84
Necochea,100,AR,1570153733,71,-38.55,-58.74,46.0,1.79
Mount Isa,0,AU,1570153733,15,-20.73,139.49,90.0,8.2
Touros,40,BR,1570153654,78,-5.2,-35.46,79.0,5.7
Chandur Bazar,79,IN,1570153734,80,21.24,77.75,74.0,1.91
Klaksvik,100,FO,1570153595,70,62.23,-6.59,45.0,4.6
Kuusamo,2,FI,1570153734,86,65.96,29.19,28.0,2.1
Muisne,100,EC,1570153734,86,0.61,-80.02,74.0,6.56
Shiyan,100,CN,1570153735,96,32.65,110.78,62.0,1.04
Kadaya,26,RU,1570153735,32,50.93,119.29,44.0,5.03
Cabo San Lucas,40,MX,1570153681,74,22.89,-109.91,82.0,3.6
Ariquemes,48,BR,1570153735,59,-9.91,-63.03,81.0,0.55
Comodoro Rivadavia,0,AR,1570153550,66,-45.87,-67.48,48.0,5.08
Lulea,0,SE,1570153736,69,65.58,22.15,36.0,2.6
Katsuura,20,JP,1570153736,54,33.93,134.5,82.0,6.2
Maumere,0,ID,1570153736,45,-8.63,122.22,84.0,2.45
Balkhash,0,KZ,1570153737,32,46.84,74.98,37.0,7.0
Kuytun,0,RU,1570153737,47,54.34,101.51,44.0,1.96
Makarov,100,RU,1570153737,95,48.62,142.78,35.0,3.35
Batagay-Alyta,100,RU,1570153539,72,67.8,130.41,12.0,1.95
Kochki,100,RU,1570153737,50,54.33,80.49,47.0,6.57
Manzil Salim,40,TN,1570153738,76,35.86,8.48,57.0,4.1
Christiana,0,ZA,1570153738,38,-27.91,25.16,46.0,1.86
Canutama,31,BR,1570153738,89,-6.53,-64.38,74.0,0.96
Sioux Lookout,90,CA,1570153738,86,50.1,-91.92,39.0,1.5
Harper,1,US,1570153739,53,30.3,-99.24,81.0,3.94
Katima Mulilo,89,NA,1570153739,60,-17.5,24.28,72.0,3.1
Letterkenny,100,IE,1570153739,96,54.95,-7.73,51.0,4.14
Beringovskiy,0,RU,1570153700,60,63.05,179.32,29.0,8.65
Kathu,0,ZA,1570153739,31,-27.7,23.05,54.0,4.12
Fort Nelson,75,CA,1570153740,67,58.81,-122.69,59.0,2.6
Yonibana,100,SL,1570153740,98,8.44,-12.25,73.0,0.98
Green Valley,1,US,1570153740,71,40.41,-89.64,56.0,2.1
Kailua,90,US,1570153740,69,21.39,-157.74,88.0,2.1
Galesong,20,ID,1570153474,48,-5.32,119.37,88.0,1.5
Jardim,0,BR,1570153741,60,-21.48,-56.15,76.0,1.02
Udachnyy,90,RU,1570153702,100,66.42,112.4,25.0,2.0
Manggar,90,ID,1570153741,46,-2.88,108.27,90.0,4.11
Quechultenango,100,MX,1570153742,98,17.41,-99.24,60.0,1.33
Cortes,0,PH,1570153742,70,9.28,126.19,83.0,2.25
Antofagasta,90,CL,1570153729,82,-23.65,-70.4,55.0,7.2
Montepuez,0,MZ,1570153477,90,-13.13,39.0,67.0,1.28
Salinas,59,US,1570153449,59,36.67,-121.66,66.0,5.1
Ouargaye,100,BF,1570153742,79,11.5,0.06,75.0,3.61
Kirishi,100,RU,1570153743,99,59.45,32.01,36.0,1.9
Nesna,0,NO,1570153743,73,66.2,13.02,31.0,0.45
Markapur,100,IN,1570153743,79,15.74,79.27,78.0,1.07
Ndago,9,BI,1570153743,69,-3.88,29.65,69.0,1.0
Novikovo,0,RU,1570153744,86,51.15,37.89,53.0,3.82
Komsomolskoye,0,UA,1570153744,59,45.02,34.02,63.0,3.17
Zhanaozen,0,KZ,1570153744,45,43.35,52.85,53.0,5.21
Pimenta Bueno,13,BR,1570153744,60,-11.68,-61.19,79.0,1.91
Mitu,0,IR,1570153745,68,36.2,46.09,46.0,1.29
Alto Araguaia,98,BR,1570153745,66,-17.32,-53.22,75.0,0.6
Kangaatsiaq,67,GL,1570153745,62,68.31,-53.46,42.0,7.4
Novyy Urengoy,99,RU,1570153745,94,66.08,76.63,37.0,10.84
Hay River,40,CA,1570153746,47,60.82,-115.79,59.0,1.5
Yaan,100,NG,1570153746,96,7.38,8.57,73.0,1.54
Moranbah,0,AU,1570153746,14,-22.0,148.04,84.0,8.54
Axim,100,GH,1570153746,90,4.87,-2.24,77.0,5.06
Nyazepetrovsk,100,RU,1570153747,95,56.06,59.6,49.0,3.09
Nakasongola,32,UG,1570153747,96,1.32,32.46,65.0,1.42
La Ronge,40,CA,1570153747,65,55.1,-105.3,46.0,2.6
Santiago,16,PH,1570153460,73,16.69,121.54,81.0,2.23
Lilongwe,9,MW,1570153465,96,-13.97,33.79,62.0,2.67
Sonoita,90,US,1570153748,31,31.68,-110.66,86.0,3.1
Srednekolymsk,100,RU,1570153748,85,67.46,153.71,26.0,8.45
Aksu,0,KZ,1570153541,86,52.04,76.93,30.0,3.0
Progreso,75,UY,1570153748,81,-34.68,-56.22,56.0,6.7
Kudahuvadhoo,100,MV,1570153749,66,2.67,72.89,83.0,0.63
Phek,7,IN,1570153749,76,25.7,94.46,80.0,0.98
Poya,32,NC,1570153749,74,-21.35,165.16,69.0,8.87
Bonfim,0,BR,1570153695,49,-20.33,-44.24,70.0,4.6
Lata,91,IN,1570153750,67,30.78,78.62,39.0,2.08
Takahashi,40,JP,1570153750,61,34.82,133.52,79.0,4.1
Saint-Augustin,90,CA,1570153710,75,45.63,-73.98,47.0,2.6
Ternate,20,PH,1570153750,66,14.29,120.72,90.0,1.5
Palmar,40,CO,1570153750,100,6.54,-73.29,66.0,1.0
Naryan-Mar,100,RU,1570153751,89,67.67,53.09,37.0,8.81
Kabanjahe,75,ID,1570153751,67,3.1,98.49,82.0,0.96
Selma,1,US,1570153699,65,32.41,-87.02,88.0,4.1
Broken Hill,0,AU,1570153751,22,-31.97,141.45,81.0,4.1
Mpongwe,0,ZM,1570153752,92,-13.51,28.16,60.0,2.3
Bainbridge,1,US,1570153752,61,30.9,-84.58,86.0,4.1
Majene,0,ID,1570153752,75,-3.54,118.97,82.0,10.04
Krk,0,HR,1570153752,62,45.03,14.57,58.0,1.0
Yalova,0,TR,1570153753,73,40.66,29.27,72.0,3.1
Jutai,0,BR,1570153753,90,-1.71,-47.89,74.0,1.47
Rawson,32,AR,1570153753,47,-43.3,-65.11,53.0,10.83
Cuamba,17,MZ,1570153754,89,-14.8,36.54,67.0,1.75
Richards Bay,46,ZA,1570153754,85,-28.77,32.06,70.0,7.92
Sinnamary,68,GF,1570153627,83,5.38,-52.96,81.0,7.58
Lasa,0,CY,1570153754,72,34.92,32.53,68.0,3.6
Bandundu,100,CD,1570153754,96,-3.32,17.38,72.0,0.6
Usogorsk,100,RU,1570153755,86,63.43,48.71,33.0,1.42
Cayenne,0,GF,1570153570,83,4.94,-52.33,79.0,1.5
Kiunga,100,PG,1570153755,68,-6.12,141.3,85.0,2.35
Saint-Pierre,100,FR,1570153755,87,48.95,4.24,50.0,5.1
Lagoa,0,PT,1570153755,68,37.14,-8.45,70.0,4.1
Sao Joao da Barra,27,BR,1570153756,91,-21.64,-41.05,69.0,1.76
Sao Felix do Xingu,2,BR,1570153756,84,-6.64,-51.99,73.0,0.58
Bonavista,10,CA,1570153756,74,48.65,-53.11,41.0,8.05
Shenzhen,20,CN,1570153756,69,22.54,114.05,90.0,1.5
Esna,100,RO,1570153757,78,45.2,27.57,52.0,9.46
Dingle,0,PH,1570153615,61,11.0,122.67,87.0,1.63
Makakilo City,90,US,1570153745,69,21.35,-158.09,88.0,2.1
Ondjiva,6,AO,1570153757,15,-17.07,15.73,62.0,1.07
Melfi,75,IT,1570153757,93,41.0,15.66,57.0,7.7
Caboolture,20,AU,1570153757,53,-27.08,152.95,83.0,7.2
Kamakwie,100,SL,1570153758,98,9.5,-12.24,73.0,0.2
Viedma,100,AR,1570153758,59,-40.81,-62.99,55.0,8.05
Cap Malheureux,3,MU,1570153639,65,-19.98,57.61,72.0,0.45
Salamiyah,0,SY,1570153758,91,35.01,37.05,58.0,2.09
Freeport,0,BS,1570153758,75,26.54,-78.7,80.0,4.83
Upata,37,VE,1570153759,86,8.02,-62.41,74.0,2.53
Lavrentiya,100,RU,1570153658,97,65.58,-170.99,38.0,4.52
Pemba,96,MZ,1570153759,84,-12.97,40.52,76.0,5.99
Mogok,5,MM,1570153760,87,22.92,96.51,75.0,0.29
Edinburg,75,US,1570153474,83,26.3,-98.16,81.0,2.6
Vila,0,IT,1570153760,87,45.18,8.4,58.0,2.6
Ust-Kut,100,RU,1570153760,83,56.78,105.75,40.0,4.34
Muros,75,ES,1570153761,100,42.77,-9.06,63.0,1.0
Ostrovnoy,99,RU,1570153761,85,68.05,39.51,33.0,4.85
Shitanjing,15,CN,1570153761,67,39.23,106.34,51.0,6.17
Petropavlovskoye,75,RU,1570153761,71,46.79,142.5,50.0,8.0
Ondangwa,31,NA,1570153762,17,-17.91,15.98,72.0,4.1
Athabasca,0,CA,1570153505,88,54.72,-113.29,36.0,2.41
Goundam,85,ML,1570153762,33,16.42,-3.66,92.0,4.05
Constitucion,75,MX,1570153762,49,23.99,-104.67,69.0,2.6
Finschhafen,80,PG,1570153762,93,-6.6,147.85,72.0,2.05
San Jose Iturbide,40,MX,1570153763,56,21.0,-100.38,70.0,4.6
Alta Floresta,1,BR,1570153763,84,-9.87,-56.08,72.0,0.8
Sola,0,TZ,1570153763,62,-3.17,33.8,67.0,4.44
Vestmanna,100,FO,1570153763,70,62.16,-7.17,45.0,4.6
Sao Joao de Pirabas,0,BR,1570153763,95,-0.77,-47.18,72.0,1.1
Vakhrushi,99,RU,1570153764,95,57.97,54.45,49.0,3.66
Miyako,40,JP,1570153764,65,33.63,130.94,82.0,3.6
Porterville,0,US,1570153696,20,36.07,-119.02,81.0,1.5
Batsfjord,57,NO,1570153764,73,70.63,29.72,40.0,6.19
Cabra,17,ES,1570153765,77,37.47,-4.43,63.0,1.5
Karasburg,0,NA,1570153765,72,-28.01,18.75,45.0,0.93
Svetlogorsk,20,RU,1570153765,70,53.14,59.15,46.0,3.0
Birin,75,NP,1570153765,88,26.89,88.07,73.0,1.0
The Pas,1,CA,1570153766,75,53.82,-101.24,43.0,3.1
Altay,0,CN,1570153766,23,47.83,88.13,45.0,1.99
Yatou,75,CM,1570153766,100,3.63,9.81,77.0,1.5
Eskisehir,0,TR,1570153766,66,39.78,30.52,50.0,1.5
Minas,75,UY,1570153659,81,-34.38,-55.24,54.0,8.2
Kahului,20,US,1570153684,62,20.89,-156.47,85.0,9.3
